﻿<?xml version="1.0" encoding="utf-8"?>

<ModMetaData>
	<name>[KYD] Igor Raid Mechanics for All Storytellers</name>
	<author>Kayedon, Taranchuk</author>
	<packageId>KYD.StorytellerDamage</packageId>
	<supportedVersions>
	  <li>1.2</li>
	  <li>1.3</li>
	</supportedVersions>
	<modDependencies>
		<li>
			<packageId>OskarPotocki.VanillaFactionsExpanded.Core</packageId>
			<displayName>Vanilla Expanded Framework</displayName>
			<steamWorkshopUrl>https://steamcommunity.com/sharedfiles/filedetails/?id=1854607105</steamWorkshopUrl>
		</li>
	</modDependencies>
	<loadBefore/>
	<loadAfter/>
	<incompatibleWith/>	
	
	<description>Adds the raid mechanics from Igor Invader to all storytellers.
	
- Damage is multiplied by a set value.
- Threats don't fire under a chosen population threshold.
- Losing pawns in a raid triggers reinforcements.
- Beating a raid triggers user-defined events.
- Optional and adjustable raid warning.</description>
</ModMetaData>
